-- -------------------------------------------------------------
-- TablePlus 5.1.0(468)
--
-- https://tableplus.com/
--
-- Database: instameme
-- Generation Time: 2022-12-01 11:41:13.1010
-- -------------------------------------------------------------


/*!40101 SET @OLD_CHARACTER_SET_CLIENT=@@CHARACTER_SET_CLIENT */;
/*!40101 SET @OLD_CHARACTER_SET_RESULTS=@@CHARACTER_SET_RESULTS */;
/*!40101 SET @OLD_COLLATION_CONNECTION=@@COLLATION_CONNECTION */;
/*!40101 SET NAMES utf8mb4 */;
/*!40014 SET @OLD_UNIQUE_CHECKS=@@UNIQUE_CHECKS, UNIQUE_CHECKS=0 */;
/*!40014 SET @OLD_FOREIGN_KEY_CHECKS=@@FOREIGN_KEY_CHECKS, FOREIGN_KEY_CHECKS=0 */;
/*!40101 SET @OLD_SQL_MODE=@@SQL_MODE, SQL_MODE='NO_AUTO_VALUE_ON_ZERO' */;
/*!40111 SET @OLD_SQL_NOTES=@@SQL_NOTES, SQL_NOTES=0 */;


DROP TABLE IF EXISTS `commentaires`;
CREATE TABLE `commentaires` (
  `id` bigint unsigned NOT NULL AUTO_INCREMENT,
  `id_contenu` bigint unsigned NOT NULL,
  `id_utilisateur` bigint unsigned NOT NULL,
  `message` varchar(255) NOT NULL,
  `date_publication` datetime DEFAULT NULL,
  PRIMARY KEY (`id`),
  KEY `id_utilisateur` (`id_utilisateur`),
  KEY `id_contenu` (`id_contenu`),
  CONSTRAINT `commentaires_ibfk_1` FOREIGN KEY (`id_utilisateur`) REFERENCES `utilisateurs` (`id`),
  CONSTRAINT `commentaires_ibfk_2` FOREIGN KEY (`id_contenu`) REFERENCES `contenus` (`id`)
) ENGINE=InnoDB AUTO_INCREMENT=424 DEFAULT CHARSET=utf8mb4 COLLATE=utf8mb4_0900_ai_ci;

DROP TABLE IF EXISTS `contenus`;
CREATE TABLE `contenus` (
  `id` bigint unsigned NOT NULL AUTO_INCREMENT,
  `id_utilisateur` bigint unsigned NOT NULL,
  `description` text NOT NULL,
  `chemin_image` varchar(255) NOT NULL,
  `date_publication` datetime DEFAULT NULL,
  PRIMARY KEY (`id`),
  KEY `id_utilisateur` (`id_utilisateur`),
  CONSTRAINT `contenus_ibfk_1` FOREIGN KEY (`id_utilisateur`) REFERENCES `utilisateurs` (`id`)
) ENGINE=InnoDB AUTO_INCREMENT=51 DEFAULT CHARSET=utf8mb4 COLLATE=utf8mb4_0900_ai_ci;

DROP TABLE IF EXISTS `likes`;
CREATE TABLE `likes` (
  `id_contenu` bigint unsigned NOT NULL,
  `id_utilisateur` bigint unsigned NOT NULL,
  PRIMARY KEY (`id_contenu`,`id_utilisateur`),
  KEY `id_utilisateur` (`id_utilisateur`),
  CONSTRAINT `likes_ibfk_1` FOREIGN KEY (`id_utilisateur`) REFERENCES `utilisateurs` (`id`),
  CONSTRAINT `likes_ibfk_2` FOREIGN KEY (`id_contenu`) REFERENCES `contenus` (`id`)
) ENGINE=InnoDB DEFAULT CHARSET=utf8mb4 COLLATE=utf8mb4_0900_ai_ci;

DROP TABLE IF EXISTS `utilisateurs`;
CREATE TABLE `utilisateurs` (
  `id` bigint unsigned NOT NULL AUTO_INCREMENT,
  `pseudo` varchar(64) NOT NULL,
  `mot_de_passe` varchar(32) NOT NULL,
  `date_inscription` datetime DEFAULT NULL,
  PRIMARY KEY (`id`),
  UNIQUE KEY `pseudo` (`pseudo`)
) ENGINE=InnoDB AUTO_INCREMENT=26 DEFAULT CHARSET=utf8mb4 COLLATE=utf8mb4_0900_ai_ci;

INSERT INTO `commentaires` (`id`, `id_contenu`, `id_utilisateur`, `message`, `date_publication`) VALUES
(1, 1, 6, 'mollitia quis rerum enim autem', '2022-09-30 19:39:42'),
(2, 3, 11, 'fuga nam quibusdam eum ut', '2022-10-01 00:47:13'),
(3, 1, 25, 'delectus vitae tempora culpa maiores', '2022-10-01 02:03:06'),
(4, 3, 25, 'assumenda expedita sit quasi ratione', '2022-10-01 03:58:29'),
(5, 6, 7, 'quam aspernatur odio consequuntur autem', '2022-10-02 01:22:26'),
(6, 6, 2, 'aut tempore harum ut alias', '2022-10-02 11:22:46'),
(7, 6, 25, 'veritatis eligendi neque itaque sunt', '2022-10-02 14:48:59'),
(8, 4, 18, 'dicta consequatur ea sunt ut', '2022-10-04 16:52:03'),
(9, 6, 20, 'aut mollitia minus quisquam explicabo', '2022-10-09 00:35:19'),
(10, 7, 6, 'ducimus in ducimus consequatur ut', '2022-10-10 02:35:30'),
(11, 1, 2, 'tempora deserunt occaecati nesciunt quod', '2022-10-10 09:38:12'),
(12, 4, 19, 'similique voluptatem libero nemo nam', '2022-10-10 23:59:01'),
(13, 9, 1, 'cum iste dolore ad aliquam', '2022-10-12 21:57:19'),
(14, 3, 16, 'tenetur esse rerum sed est', '2022-10-13 18:44:19'),
(15, 7, 22, 'beatae veritatis dolor excepturi quo', '2022-10-14 06:19:59'),
(16, 3, 24, 'omnis assumenda ut laborum qui', '2022-10-14 06:37:52'),
(17, 6, 18, 'minus porro harum nihil dignissimos', '2022-10-14 14:15:07'),
(18, 3, 22, 'nostrum vero sunt eos eum', '2022-10-14 21:04:37'),
(19, 10, 6, 'ut provident voluptatem ullam assumenda', '2022-10-15 07:43:27'),
(20, 8, 15, 'quia reprehenderit fugit maiores similique', '2022-10-15 09:03:44'),
(21, 7, 3, 'suscipit dolorem consectetur et eius', '2022-10-15 11:42:34'),
(22, 6, 16, 'sed voluptas magnam iusto excepturi', '2022-10-15 13:15:29'),
(23, 6, 7, 'facilis cupiditate explicabo consectetur et', '2022-10-16 06:32:37'),
(24, 8, 24, 'earum delectus et aut minima', '2022-10-16 10:37:02'),
(25, 1, 7, 'nobis similique a sit incidunt', '2022-10-16 22:08:09'),
(26, 8, 7, 'alias maiores aut et libero', '2022-10-17 06:09:43'),
(27, 4, 14, 'nulla tempore dicta voluptatem fuga', '2022-10-17 19:41:28'),
(28, 3, 12, 'aperiam ullam nesciunt aut qui', '2022-10-17 23:03:00'),
(29, 1, 4, 'eum voluptatem aspernatur est reprehenderit', '2022-10-18 00:21:44'),
(30, 3, 21, 'sed repudiandae consequatur ducimus eius', '2022-10-18 19:05:17'),
(31, 7, 24, 'non sunt blanditiis necessitatibus natus', '2022-10-19 01:45:15'),
(32, 9, 3, 'qui quaerat optio vel omnis', '2022-10-20 11:46:21'),
(33, 10, 6, 'quae ab laudantium ut ullam', '2022-10-20 14:08:44'),
(34, 10, 16, 'inventore nulla sapiente asperiores ullam', '2022-10-20 17:18:50'),
(35, 3, 3, 'reprehenderit nemo molestias molestiae sit', '2022-10-20 23:32:10'),
(36, 1, 12, 'rem quasi optio aspernatur amet', '2022-10-21 15:50:17'),
(37, 11, 16, 'eos vitae voluptas est consequatur', '2022-10-22 11:51:45'),
(38, 10, 3, 'praesentium dignissimos consectetur est delectus', '2022-10-22 16:46:08'),
(39, 10, 2, 'et quasi iure dolores harum', '2022-10-22 17:10:27'),
(40, 1, 23, 'nulla inventore sapiente similique omnis', '2022-10-22 23:11:45'),
(41, 6, 15, 'voluptatibus voluptates magni quam in', '2022-10-23 01:12:18'),
(42, 11, 14, 'sint modi vel sed culpa', '2022-10-23 10:36:44'),
(43, 3, 11, 'deleniti ducimus quia aliquid est', '2022-10-23 22:00:14'),
(44, 9, 2, 'sit maxime assumenda architecto id', '2022-10-24 08:33:48'),
(45, 13, 22, 'quod eligendi autem quae perferendis', '2022-10-24 18:12:35'),
(46, 13, 3, 'quia quia facilis saepe assumenda', '2022-10-25 03:52:04'),
(47, 6, 14, 'explicabo optio aperiam voluptatem magnam', '2022-10-25 04:49:29'),
(48, 13, 7, 'qui assumenda minus earum et', '2022-10-25 08:40:03'),
(49, 13, 9, 'voluptas est molestiae rem aut', '2022-10-25 16:24:43'),
(50, 5, 15, 'numquam vel consequatur enim impedit', '2022-10-25 18:12:43'),
(51, 8, 16, 'illum ab est ut molestiae', '2022-10-25 20:18:35'),
(52, 12, 8, 'blanditiis aperiam dolor corrupti accusamus', '2022-10-25 20:36:10'),
(53, 9, 11, 'sunt iusto velit ea accusantium', '2022-10-26 05:04:07'),
(54, 8, 22, 'neque omnis alias eaque atque', '2022-10-26 10:19:15'),
(55, 4, 15, 'et consequatur praesentium similique quod', '2022-10-26 21:09:22'),
(56, 9, 15, 'non exercitationem quia mollitia consequatur', '2022-10-27 14:38:00'),
(57, 11, 2, 'perspiciatis est quidem neque minus', '2022-10-28 09:17:16'),
(58, 3, 21, 'quis totam odit ducimus ut', '2022-10-28 10:30:45'),
(59, 12, 18, 'beatae est qui aliquam doloremque', '2022-10-28 15:21:52'),
(60, 12, 11, 'fugit sit et dignissimos quis', '2022-10-29 01:38:48'),
(61, 12, 22, 'expedita quia et rerum velit', '2022-10-29 10:48:44'),
(62, 19, 20, 'optio aliquid tempora sed autem', '2022-10-29 22:36:27'),
(63, 20, 11, 'tenetur veritatis eveniet quia molestias', '2022-10-30 03:00:42'),
(64, 19, 7, 'occaecati quam ut quo autem', '2022-10-30 05:43:39'),
(65, 3, 9, 'mollitia maxime similique quo dolor', '2022-10-30 06:29:47'),
(66, 4, 1, 'veritatis nobis temporibus tenetur maiores', '2022-10-30 06:37:04'),
(67, 13, 17, 'eum quidem sed libero repellendus', '2022-10-30 15:19:51'),
(68, 19, 21, 'quo accusamus veniam natus eum', '2022-10-31 04:13:50'),
(69, 10, 1, 'sapiente eveniet qui inventore rerum', '2022-10-31 09:57:06'),
(70, 14, 16, 'ut voluptatem omnis consequatur quod', '2022-10-31 17:36:54'),
(71, 12, 7, 'omnis ipsum blanditiis quod numquam', '2022-11-01 06:58:24'),
(72, 16, 11, 'dolore et quia distinctio autem', '2022-11-01 14:22:09'),
(73, 10, 18, 'earum qui vel officia at', '2022-11-01 16:11:17'),
(74, 8, 5, 'dolore culpa aut nisi sequi', '2022-11-01 21:42:52'),
(75, 5, 23, 'illum sed officia voluptates veniam', '2022-11-02 09:35:15'),
(76, 8, 7, 'dolor architecto dignissimos et aperiam', '2022-11-02 10:00:34'),
(77, 16, 12, 'expedita delectus voluptates molestiae aspernatur', '2022-11-02 15:26:56'),
(78, 7, 22, 'doloribus ullam ad eum ut', '2022-11-02 17:39:20'),
(79, 14, 11, 'atque vitae dolores aliquid rerum', '2022-11-02 19:39:53'),
(80, 15, 12, 'maxime est aut rerum ipsa', '2022-11-02 21:00:11'),
(81, 4, 21, 'est suscipit aut voluptatem porro', '2022-11-03 01:01:11'),
(82, 20, 9, 'illum in quisquam error adipisci', '2022-11-03 01:30:25'),
(83, 23, 15, 'qui est labore amet dolores', '2022-11-03 02:22:41'),
(84, 16, 18, 'consequatur quia sequi officiis facere', '2022-11-03 02:23:03'),
(85, 19, 17, 'inventore blanditiis architecto est sit', '2022-11-03 04:52:19'),
(86, 19, 9, 'molestias dicta provident nesciunt ea', '2022-11-03 09:50:39'),
(87, 20, 12, 'ullam at illum ut nobis', '2022-11-03 13:16:43'),
(88, 14, 14, 'molestiae temporibus ut assumenda sapiente', '2022-11-04 00:16:20'),
(89, 10, 6, 'enim id qui cupiditate quod', '2022-11-04 00:43:11'),
(90, 23, 15, 'impedit fugit voluptas repellat id', '2022-11-04 01:48:48'),
(91, 6, 16, 'perspiciatis cum error dicta dolorum', '2022-11-04 02:57:20'),
(92, 6, 16, 'est qui et itaque minus', '2022-11-04 11:00:07'),
(93, 23, 11, 'consequatur possimus suscipit eaque qui', '2022-11-04 11:06:50'),
(94, 20, 21, 'qui quisquam iste minus officia', '2022-11-04 13:17:55'),
(95, 16, 22, 'ut velit sed quod quisquam', '2022-11-04 15:08:22'),
(96, 19, 12, 'nam dolorem ea voluptatem neque', '2022-11-04 22:01:49'),
(97, 22, 1, 'recusandae quas et enim velit', '2022-11-05 02:33:34'),
(98, 20, 6, 'fugit accusamus ea recusandae et', '2022-11-05 03:39:05'),
(99, 20, 3, 'rem error omnis magnam dolorem', '2022-11-05 03:55:21'),
(100, 10, 11, 'quam id animi veniam aliquid', '2022-11-05 10:49:03'),
(101, 7, 7, 'a enim perferendis laborum beatae', '2022-11-05 19:08:16'),
(102, 20, 22, 'iusto reiciendis repellendus eius assumenda', '2022-11-05 21:13:03'),
(103, 23, 20, 'eligendi nesciunt tempore quo sequi', '2022-11-05 22:41:43'),
(104, 15, 16, 'cupiditate sit totam id illo', '2022-11-06 01:28:55'),
(105, 12, 2, 'ipsa aspernatur recusandae quod nihil', '2022-11-06 01:48:55'),
(106, 12, 3, 'sequi eius mollitia recusandae eos', '2022-11-06 03:51:11'),
(107, 17, 18, 'aut praesentium esse vitae placeat', '2022-11-06 09:11:22'),
(108, 22, 17, 'rerum odit laboriosam voluptatem nisi', '2022-11-06 10:20:57'),
(109, 1, 8, 'esse incidunt consequatur earum in', '2022-11-06 13:18:34'),
(110, 20, 9, 'excepturi quo laboriosam ut repellendus', '2022-11-06 21:21:58'),
(111, 16, 22, 'vel aperiam quam nemo et', '2022-11-07 04:00:02'),
(112, 27, 14, 'voluptates quam commodi quia quasi', '2022-11-07 06:03:27'),
(113, 27, 3, 'veritatis temporibus commodi officiis fugit', '2022-11-07 06:51:13'),
(114, 7, 19, 'et quia magnam quia nulla', '2022-11-07 16:26:07'),
(115, 21, 6, 'qui fuga animi ut eaque', '2022-11-07 16:41:18'),
(116, 27, 6, 'eligendi ipsa iure sit qui', '2022-11-07 19:03:30'),
(117, 10, 25, 'accusamus eaque dolorum dolor nemo', '2022-11-08 05:40:36'),
(118, 14, 8, 'et corporis qui assumenda est', '2022-11-08 12:16:55'),
(119, 28, 24, 'beatae et id rerum nesciunt', '2022-11-08 13:42:33'),
(120, 15, 1, 'id quibusdam laborum qui quia', '2022-11-08 16:22:28'),
(121, 9, 1, 'deleniti vel sit magnam ea', '2022-11-08 17:21:58'),
(122, 27, 19, 'illo eos mollitia ea voluptas', '2022-11-08 18:47:05'),
(123, 21, 2, 'iusto ut rerum nihil sed', '2022-11-08 18:50:22'),
(124, 26, 18, 'beatae sit dolore accusantium asperiores', '2022-11-08 19:06:30'),
(125, 12, 2, 'autem totam impedit consectetur quos', '2022-11-08 21:40:02'),
(126, 28, 8, 'minima necessitatibus et neque ratione', '2022-11-08 22:11:54'),
(127, 23, 14, 'consequatur voluptatibus esse vitae tempora', '2022-11-09 00:23:15'),
(128, 20, 12, 'et sint eaque ut ratione', '2022-11-09 06:30:29'),
(129, 27, 12, 'ab et fugiat adipisci voluptate', '2022-11-09 06:57:34'),
(130, 27, 16, 'earum fuga aperiam non quae', '2022-11-09 10:23:12'),
(131, 15, 1, 'veritatis velit impedit deserunt asperiores', '2022-11-09 14:07:38'),
(132, 18, 3, 'dolorum inventore vitae fugit sit', '2022-11-09 17:44:50'),
(133, 10, 14, 'quis a ut consequuntur ut', '2022-11-09 18:30:18'),
(134, 20, 18, 'omnis occaecati qui nemo nulla', '2022-11-09 20:03:12'),
(135, 5, 17, 'vel reiciendis necessitatibus esse tenetur', '2022-11-09 20:49:04'),
(136, 2, 6, 'exercitationem voluptates fugit quo aut', '2022-11-09 22:50:41'),
(137, 16, 9, 'eos nobis vel similique laudantium', '2022-11-09 23:36:24'),
(138, 21, 12, 'quam qui voluptate dolor explicabo', '2022-11-10 01:12:19'),
(139, 8, 11, 'consequatur est dolores occaecati tenetur', '2022-11-10 02:56:19'),
(140, 31, 11, 'dolores rerum magni nostrum qui', '2022-11-10 04:36:22'),
(141, 9, 14, 'ut ratione illo enim illo', '2022-11-10 06:23:49'),
(142, 17, 5, 'debitis placeat repellendus exercitationem veritatis', '2022-11-10 06:34:33'),
(143, 21, 3, 'consequatur maiores ipsam iure velit', '2022-11-10 07:59:22'),
(144, 8, 18, 'quo qui minima maxime magnam', '2022-11-10 12:00:25'),
(145, 6, 18, 'deserunt eum occaecati ex sint', '2022-11-10 12:25:25'),
(146, 31, 11, 'neque non eum beatae incidunt', '2022-11-10 13:02:00'),
(147, 12, 1, 'optio ab soluta est voluptatem', '2022-11-10 16:18:46'),
(148, 22, 11, 'repellat nostrum ut quibusdam optio', '2022-11-10 18:23:25'),
(149, 12, 3, 'sit quo ratione recusandae ut', '2022-11-10 19:08:47'),
(150, 31, 20, 'maxime sequi ab hic quibusdam', '2022-11-10 20:22:50'),
(151, 23, 20, 'pariatur aut nobis consequuntur qui', '2022-11-10 22:05:14'),
(152, 32, 23, 'impedit iste aliquid qui assumenda', '2022-11-10 23:37:46'),
(153, 32, 9, 'magnam ut dolore culpa animi', '2022-11-10 23:45:39'),
(154, 17, 18, 'sint nesciunt reiciendis ducimus dolores', '2022-11-11 08:02:06'),
(155, 30, 25, 'minima fugiat natus tempore voluptates', '2022-11-11 08:17:09'),
(156, 17, 7, 'aut quaerat dolor voluptatem eos', '2022-11-11 13:16:19'),
(157, 15, 5, 'autem voluptatem quibusdam illum maiores', '2022-11-11 14:12:25'),
(158, 6, 8, 'quas consequuntur qui odit alias', '2022-11-11 14:38:36'),
(159, 24, 9, 'ipsum cupiditate iusto ea ab', '2022-11-11 15:29:34'),
(160, 17, 8, 'molestias doloribus ipsam numquam repudiandae', '2022-11-11 17:25:57'),
(161, 33, 7, 'quidem praesentium dolor hic rerum', '2022-11-11 22:06:37'),
(162, 10, 16, 'voluptatibus ut laudantium labore odio', '2022-11-11 22:11:08'),
(163, 31, 8, 'magni architecto nostrum natus id', '2022-11-12 00:46:18'),
(164, 11, 8, 'et commodi veritatis sit nobis', '2022-11-12 05:16:32'),
(165, 33, 18, 'et veniam tenetur occaecati autem', '2022-11-12 06:35:43'),
(166, 30, 12, 'ea enim eum non sit', '2022-11-12 08:25:47'),
(167, 28, 7, 'iure atque nam tempora omnis', '2022-11-12 10:25:26'),
(168, 26, 3, 'ab reiciendis quasi et velit', '2022-11-12 12:53:28'),
(169, 26, 20, 'nostrum ut asperiores distinctio soluta', '2022-11-12 13:09:44'),
(170, 17, 3, 'quis vel aut architecto aut', '2022-11-12 13:10:35'),
(171, 29, 9, 'et doloremque laboriosam et eius', '2022-11-12 13:38:39'),
(172, 26, 9, 'quam dignissimos magnam non et', '2022-11-12 14:13:41'),
(173, 33, 18, 'est aspernatur iusto culpa eligendi', '2022-11-12 15:24:24'),
(174, 23, 25, 'pariatur sed repudiandae enim doloremque', '2022-11-12 15:49:34'),
(175, 9, 7, 'quae provident tempora fugiat minima', '2022-11-12 19:58:39'),
(176, 32, 14, 'aut molestiae laudantium sunt unde', '2022-11-13 04:58:57'),
(177, 15, 6, 'aliquid repellat ipsa voluptatem consequatur', '2022-11-13 05:25:36'),
(178, 16, 20, 'omnis ipsam fugit repellat omnis', '2022-11-13 05:35:54'),
(179, 21, 20, 'qui repellendus eaque quo voluptas', '2022-11-13 07:41:27'),
(180, 31, 7, 'inventore nemo aut mollitia et', '2022-11-13 08:40:58'),
(181, 29, 3, 'et aut alias aliquam ullam', '2022-11-13 10:21:33'),
(182, 19, 24, 'voluptas occaecati rem iure magni', '2022-11-13 12:11:30'),
(183, 22, 9, 'provident sed voluptas quod velit', '2022-11-13 13:24:07'),
(184, 33, 17, 'fuga voluptatem necessitatibus libero dolor', '2022-11-13 15:24:24'),
(185, 5, 18, 'in voluptatibus rem vitae ut', '2022-11-13 15:41:06'),
(186, 26, 24, 'optio omnis accusantium libero accusamus', '2022-11-13 18:08:26'),
(187, 21, 25, 'saepe dicta hic mollitia consequatur', '2022-11-13 19:34:25'),
(188, 26, 6, 'sunt eos corrupti aperiam minus', '2022-11-13 20:24:35'),
(189, 13, 2, 'maiores voluptatem et nesciunt alias', '2022-11-13 20:56:34'),
(190, 21, 6, 'voluptates omnis ex corrupti sit', '2022-11-13 21:26:41'),
(191, 29, 23, 'id quis iure quas officiis', '2022-11-14 00:28:49'),
(192, 12, 17, 'natus nostrum dolorem omnis commodi', '2022-11-14 01:19:19'),
(193, 8, 14, 'iusto tenetur tenetur voluptatem dolor', '2022-11-14 02:10:33'),
(194, 33, 22, 'nulla numquam odio ducimus aut', '2022-11-14 02:30:02'),
(195, 30, 4, 'ut officia nemo praesentium nostrum', '2022-11-14 03:32:16'),
(196, 17, 6, 'ut deleniti similique qui nihil', '2022-11-14 05:19:05'),
(197, 1, 5, 'ut numquam vero quisquam ut', '2022-11-14 05:30:10'),
(198, 34, 6, 'corporis facere officia provident et', '2022-11-14 11:09:05'),
(199, 12, 6, 'molestiae facere perspiciatis ea eum', '2022-11-14 11:36:23'),
(200, 32, 2, 'non nihil in et adipisci', '2022-11-14 13:54:41'),
(201, 31, 9, 'autem eos unde earum error', '2022-11-14 15:14:03'),
(202, 4, 12, 'dolorem nemo delectus assumenda quia', '2022-11-14 15:15:24'),
(203, 3, 23, 'eum dolor neque excepturi corporis', '2022-11-14 16:35:44'),
(204, 32, 15, 'quo corporis et sint et', '2022-11-14 17:45:16'),
(205, 34, 7, 'et quo quod vel dolores', '2022-11-14 22:20:58'),
(206, 37, 24, 'repellendus et aut ut sunt', '2022-11-14 22:31:09'),
(207, 31, 2, 'hic aut qui est ab', '2022-11-15 01:26:06'),
(208, 20, 4, 'explicabo voluptas officia ut ut', '2022-11-15 01:49:53'),
(209, 36, 6, 'vitae officia aut vero est', '2022-11-15 01:51:51'),
(210, 32, 18, 'ut autem id voluptas eos', '2022-11-15 04:19:07'),
(211, 33, 2, 'eum quod enim unde et', '2022-11-15 05:40:55'),
(212, 21, 7, 'optio qui quos commodi alias', '2022-11-15 06:30:19'),
(213, 23, 20, 'dolorum ut itaque beatae et', '2022-11-15 13:26:20'),
(214, 26, 18, 'est voluptatem vel perferendis molestiae', '2022-11-15 17:00:36'),
(215, 37, 5, 'consequatur perferendis et officia deserunt', '2022-11-15 17:12:56'),
(216, 32, 15, 'quibusdam distinctio earum pariatur nihil', '2022-11-15 17:44:29'),
(217, 25, 15, 'quas nihil veritatis voluptatum omnis', '2022-11-15 18:01:40'),
(218, 37, 23, 'voluptates sit in id est', '2022-11-15 22:13:16'),
(219, 16, 25, 'numquam non quia quas eos', '2022-11-15 22:23:21'),
(220, 34, 3, 'similique porro ipsa illo ut', '2022-11-15 22:26:54'),
(221, 22, 8, 'sit natus id et sed', '2022-11-15 23:22:38'),
(222, 36, 18, 'modi ut fuga sint perspiciatis', '2022-11-15 23:23:28'),
(223, 36, 24, 'iste officiis reiciendis accusamus dolores', '2022-11-16 03:22:42'),
(224, 12, 17, 'aut aperiam quia fuga natus', '2022-11-16 05:36:10'),
(225, 33, 23, 'doloribus officiis nostrum non repellat', '2022-11-16 06:19:07'),
(226, 22, 16, 'reiciendis reprehenderit soluta minus qui', '2022-11-16 06:54:04'),
(227, 31, 24, 'explicabo qui ipsa omnis dolores', '2022-11-16 08:38:34'),
(228, 36, 9, 'ullam omnis exercitationem delectus at', '2022-11-16 09:28:24'),
(229, 26, 16, 'ut aut fuga enim voluptatem', '2022-11-16 09:42:52'),
(230, 35, 19, 'molestiae et iusto eos rerum', '2022-11-16 12:56:13'),
(231, 36, 24, 'et nostrum voluptatibus consectetur maxime', '2022-11-16 13:22:08'),
(232, 34, 4, 'repellat maiores inventore optio aperiam', '2022-11-16 15:00:10'),
(233, 15, 6, 'tenetur temporibus eligendi aliquid voluptatem', '2022-11-16 16:35:00'),
(234, 34, 12, 'provident autem sit officia laudantium', '2022-11-16 17:15:26'),
(235, 27, 25, 'cupiditate non sit iste aliquam', '2022-11-16 18:17:21'),
(236, 12, 14, 'ullam assumenda et numquam dignissimos', '2022-11-16 19:41:49'),
(237, 13, 11, 'consequatur id occaecati necessitatibus consectetur', '2022-11-16 20:03:25'),
(238, 11, 8, 'excepturi quas similique dolor laboriosam', '2022-11-16 20:13:27'),
(239, 31, 21, 'qui pariatur dolorum necessitatibus possimus', '2022-11-16 21:17:50'),
(240, 21, 16, 'in tempora quam itaque quam', '2022-11-16 23:24:00'),
(241, 34, 14, 'placeat ratione ullam vero eveniet', '2022-11-17 01:11:27'),
(242, 23, 2, 'autem ab saepe in nihil', '2022-11-17 01:35:44'),
(243, 22, 20, 'ut impedit est odio odio', '2022-11-17 03:08:49'),
(244, 35, 4, 'eligendi et omnis quia doloribus', '2022-11-17 03:27:02'),
(245, 37, 25, 'est saepe est reiciendis omnis', '2022-11-17 04:02:34'),
(246, 33, 2, 'quidem atque delectus aperiam nulla', '2022-11-17 04:22:37'),
(247, 27, 4, 'dolores sed nam ipsam ad', '2022-11-17 05:51:39'),
(248, 27, 17, 'eaque modi inventore amet assumenda', '2022-11-17 08:25:33'),
(249, 8, 5, 'aut numquam molestiae alias ad', '2022-11-17 10:10:14'),
(250, 4, 22, 'illo consequatur a rem facilis', '2022-11-17 11:19:12'),
(251, 37, 25, 'voluptas eligendi possimus dolor aut', '2022-11-17 12:19:02'),
(252, 35, 18, 'voluptas ad fugiat dignissimos consequuntur', '2022-11-17 13:00:02'),
(253, 31, 19, 'nobis velit quisquam sit atque', '2022-11-17 13:14:03'),
(254, 37, 7, 'reiciendis dolore et est omnis', '2022-11-17 13:24:07'),
(255, 31, 24, 'expedita reprehenderit facere voluptatem quibusdam', '2022-11-17 14:22:14'),
(256, 33, 23, 'porro alias sit culpa quia', '2022-11-17 15:32:18'),
(257, 35, 24, 'doloremque porro dolores perferendis quisquam', '2022-11-17 17:43:03'),
(258, 39, 8, 'eligendi rerum sint est consequatur', '2022-11-17 18:39:51'),
(259, 26, 16, 'quaerat minus maxime consequatur impedit', '2022-11-17 19:35:32'),
(260, 35, 9, 'repellat nostrum reprehenderit aut quia', '2022-11-17 20:36:31'),
(261, 36, 7, 'dicta iusto labore sit sint', '2022-11-18 03:18:57'),
(262, 40, 19, 'magni placeat porro et quia', '2022-11-18 04:09:11'),
(263, 36, 20, 'itaque tenetur voluptatem quia harum', '2022-11-18 04:14:13'),
(264, 3, 9, 'id magnam sit ut est', '2022-11-18 05:12:18'),
(265, 37, 14, 'suscipit et saepe porro consequatur', '2022-11-18 09:45:54'),
(266, 39, 1, 'dicta ratione deserunt velit recusandae', '2022-11-18 10:03:30'),
(267, 36, 6, 'accusantium qui occaecati distinctio soluta', '2022-11-18 10:42:53'),
(268, 38, 11, 'velit in est repellendus omnis', '2022-11-18 13:10:49'),
(269, 10, 14, 'qui excepturi quia nesciunt dicta', '2022-11-18 13:28:39'),
(270, 34, 12, 'molestias ipsum harum est expedita', '2022-11-18 13:56:07'),
(271, 27, 19, 'voluptatem et repudiandae tempora veritatis', '2022-11-18 14:34:51'),
(272, 34, 6, 'in ut sequi id vel', '2022-11-18 15:07:15'),
(273, 35, 1, 'error illum dolores nostrum aut', '2022-11-18 15:12:55'),
(274, 37, 1, 'repellendus rerum neque voluptatem a', '2022-11-18 18:54:33'),
(275, 34, 1, 'ex nostrum aliquam facilis laborum', '2022-11-18 19:34:11'),
(276, 32, 23, 'voluptates libero consequatur sed deleniti', '2022-11-19 00:33:34'),
(277, 26, 16, 'ea eius dolorem et minima', '2022-11-19 00:41:04'),
(278, 33, 21, 'dolorum est ut ipsam aliquid', '2022-11-19 01:38:04'),
(279, 28, 21, 'dolor est eveniet ipsum quos', '2022-11-19 01:56:28'),
(280, 37, 21, 'et est aut dicta fugiat', '2022-11-19 02:28:01'),
(281, 12, 15, 'asperiores omnis commodi enim consectetur', '2022-11-19 02:36:27'),
(282, 42, 19, 'temporibus rerum aperiam laboriosam nihil', '2022-11-19 02:56:21'),
(283, 25, 17, 'sint et qui harum molestiae', '2022-11-19 03:49:22'),
(284, 34, 12, 'aliquid necessitatibus ut aut vitae', '2022-11-19 06:23:03'),
(285, 16, 8, 'doloribus quae qui voluptas est', '2022-11-19 10:30:15'),
(286, 36, 24, 'illo ipsa facere iure dolore', '2022-11-19 11:29:57'),
(287, 23, 21, 'excepturi ut et maxime enim', '2022-11-19 11:35:51'),
(288, 31, 7, 'tempore impedit dolores ullam eius', '2022-11-19 14:02:01'),
(289, 17, 23, 'in et omnis dolorum et', '2022-11-19 17:46:46'),
(290, 8, 12, 'id perspiciatis est vel quo', '2022-11-19 18:11:51'),
(291, 35, 1, 'doloribus rerum enim minima aut', '2022-11-19 20:30:32'),
(292, 7, 22, 'et ratione consequatur aperiam officia', '2022-11-19 21:47:25'),
(293, 3, 4, 'dolores eveniet dicta et nostrum', '2022-11-19 22:19:58'),
(294, 43, 4, 'repudiandae nesciunt voluptas aspernatur eius', '2022-11-19 23:40:01'),
(295, 43, 16, 'atque eius expedita repellat harum', '2022-11-19 23:41:43'),
(296, 16, 8, 'voluptatibus ullam ea similique voluptatibus', '2022-11-20 02:54:42'),
(297, 28, 7, 'ut incidunt non vero aliquid', '2022-11-20 02:57:48'),
(298, 20, 8, 'similique est laborum itaque eos', '2022-11-20 03:04:53'),
(299, 32, 4, 'animi eveniet voluptatem qui nam', '2022-11-20 03:56:30'),
(300, 44, 18, 'voluptatibus at eos quia ducimus', '2022-11-20 05:03:56'),
(301, 19, 23, 'velit odio facere repellat ut', '2022-11-20 05:49:21'),
(302, 41, 6, 'incidunt praesentium ducimus id quo', '2022-11-20 06:20:09'),
(303, 44, 6, 'a adipisci voluptatum perferendis vitae', '2022-11-20 06:36:09'),
(304, 44, 15, 'maiores consequatur dolores dolores error', '2022-11-20 06:40:20'),
(305, 41, 14, 'nulla velit doloremque nihil dolorem', '2022-11-20 07:56:53'),
(306, 22, 18, 'laudantium accusamus provident consequatur error', '2022-11-20 08:54:32'),
(307, 43, 1, 'optio optio architecto aut libero', '2022-11-20 09:14:14'),
(308, 35, 23, 'voluptas esse et dolores repudiandae', '2022-11-20 10:20:05'),
(309, 37, 9, 'voluptas dolor error natus est', '2022-11-20 10:43:08'),
(310, 10, 18, 'esse voluptatem vel aperiam molestias', '2022-11-20 11:07:03'),
(311, 32, 19, 'quos rem quo animi ab', '2022-11-20 11:36:03'),
(312, 33, 25, 'ad magnam ut ea sit', '2022-11-20 12:40:54'),
(313, 34, 4, 'saepe eum ipsum a minima', '2022-11-20 12:48:04'),
(314, 41, 4, 'neque voluptatem a necessitatibus maiores', '2022-11-20 14:17:29'),
(315, 44, 9, 'facere quia ab autem dolores', '2022-11-20 15:53:44'),
(316, 13, 3, 'tempore dolores commodi officia qui', '2022-11-20 19:09:25'),
(317, 17, 18, 'enim libero dolor omnis cum', '2022-11-21 01:18:37'),
(318, 37, 25, 'voluptatem doloremque quae libero non', '2022-11-21 02:30:05'),
(319, 37, 21, 'explicabo modi dolore dolores eveniet', '2022-11-21 02:53:13'),
(320, 16, 19, 'error nemo quis magnam modi', '2022-11-21 04:20:04'),
(321, 43, 20, 'laboriosam nulla amet modi sunt', '2022-11-21 04:51:59'),
(322, 44, 18, 'repellat temporibus esse quia aut', '2022-11-21 05:15:13'),
(323, 44, 17, 'laborum dolor in iste voluptatem', '2022-11-21 06:18:38'),
(324, 45, 3, 'sed magnam saepe veritatis distinctio', '2022-11-21 07:26:01'),
(325, 34, 2, 'aperiam impedit alias officiis beatae', '2022-11-21 08:35:32'),
(326, 44, 20, 'unde consequuntur fugiat unde animi', '2022-11-21 08:53:59'),
(327, 41, 9, 'natus cumque explicabo soluta vel', '2022-11-21 10:16:42'),
(328, 34, 2, 'quis similique voluptatibus optio dolor', '2022-11-21 11:51:39'),
(329, 26, 6, 'sed possimus est placeat beatae', '2022-11-21 12:49:55'),
(330, 16, 9, 'et occaecati dicta eum ipsum', '2022-11-21 13:49:40'),
(331, 3, 20, 'animi cupiditate rerum aut qui', '2022-11-21 15:33:55'),
(332, 39, 7, 'voluptatem veniam quod mollitia praesentium', '2022-11-21 18:33:58'),
(333, 37, 19, 'est praesentium voluptates quis laudantium', '2022-11-21 19:59:50'),
(334, 46, 1, 'labore aut et nisi sit', '2022-11-21 20:19:57'),
(335, 30, 5, 'ea nemo non facere repudiandae', '2022-11-21 20:26:29'),
(336, 33, 7, 'consectetur delectus quasi dolor aperiam', '2022-11-21 21:07:24'),
(337, 46, 3, 'ab aut rerum assumenda corrupti', '2022-11-21 21:15:53'),
(338, 44, 15, 'dolorem unde sunt eveniet voluptas', '2022-11-21 21:31:44'),
(339, 41, 21, 'illo voluptatem omnis ad aspernatur', '2022-11-21 21:36:28'),
(340, 23, 19, 'non sed blanditiis id quo', '2022-11-21 22:08:20'),
(341, 13, 11, 'nemo molestiae nobis voluptates omnis', '2022-11-22 01:05:31'),
(342, 6, 22, 'est quasi non et quaerat', '2022-11-22 01:50:44'),
(343, 35, 5, 'quae nobis quidem iusto non', '2022-11-22 03:02:01'),
(344, 48, 17, 'consequatur quas nesciunt dicta dolorum', '2022-11-22 03:14:31'),
(345, 48, 20, 'beatae quisquam dolor molestiae id', '2022-11-22 03:25:41'),
(346, 46, 17, 'sed ut ea repellendus error', '2022-11-22 03:32:35'),
(347, 48, 19, 'aspernatur assumenda fuga necessitatibus nisi', '2022-11-22 03:33:16'),
(348, 48, 2, 'consequatur minus qui sed qui', '2022-11-22 03:44:01'),
(349, 22, 16, 'error sit et excepturi qui', '2022-11-22 04:45:43'),
(350, 43, 16, 'et quasi illo rerum aut', '2022-11-22 05:01:18'),
(351, 48, 17, 'consequatur dolorum est dolor consequatur', '2022-11-22 05:25:12'),
(352, 38, 14, 'blanditiis beatae quia impedit iusto', '2022-11-22 06:04:03'),
(353, 41, 24, 'doloremque ut aperiam sit dolores', '2022-11-22 08:19:35'),
(354, 41, 19, 'ut et voluptates doloribus tempore', '2022-11-22 09:13:55'),
(355, 36, 4, 'voluptatem officiis amet officiis voluptatem', '2022-11-22 09:46:19'),
(356, 43, 25, 'harum accusamus soluta laboriosam eius', '2022-11-22 10:16:09'),
(357, 48, 24, 'dolor dolore aut et ab', '2022-11-22 10:21:46'),
(358, 48, 22, 'expedita reiciendis in dolores sit', '2022-11-22 10:44:42'),
(359, 45, 25, 'id facilis consequatur qui debitis', '2022-11-22 11:32:31'),
(360, 41, 18, 'labore nobis sunt libero quod', '2022-11-22 11:36:42'),
(361, 1, 1, 'aut et omnis harum non', '2022-11-22 11:41:01'),
(362, 31, 19, 'placeat repellendus expedita officia unde', '2022-11-22 13:04:40'),
(363, 16, 9, 'blanditiis ea autem consequatur praesentium', '2022-11-22 13:54:28'),
(364, 39, 2, 'numquam est dolores numquam aut', '2022-11-22 15:00:05'),
(365, 47, 6, 'dicta animi ullam tempora eos', '2022-11-22 15:51:06'),
(366, 31, 15, 'et et ut unde cum', '2022-11-22 15:59:09'),
(367, 47, 22, 'eveniet et quas cum quisquam', '2022-11-22 16:26:45'),
(368, 41, 5, 'accusamus cumque ad nobis sit', '2022-11-22 17:20:36'),
(369, 41, 23, 'omnis at est voluptatem animi', '2022-11-22 17:20:54'),
(370, 43, 3, 'temporibus deleniti omnis aspernatur iusto', '2022-11-22 17:51:32'),
(371, 30, 25, 'earum voluptatum omnis architecto dignissimos', '2022-11-22 17:58:27'),
(372, 47, 21, 'qui omnis consectetur officia voluptatibus', '2022-11-22 18:27:42'),
(373, 13, 17, 'aperiam id sit et rerum', '2022-11-22 18:29:41'),
(374, 23, 23, 'eos culpa voluptatem exercitationem id', '2022-11-22 18:40:26'),
(375, 47, 3, 'consequatur est iste dolores doloribus', '2022-11-22 18:40:50'),
(376, 37, 1, 'eos quo facilis id et', '2022-11-22 19:05:05'),
(377, 48, 23, 'et quod et distinctio temporibus', '2022-11-22 19:47:03'),
(378, 46, 23, 'soluta sint et voluptas non', '2022-11-22 19:59:21'),
(379, 39, 12, 'velit enim magnam omnis id', '2022-11-22 21:04:07'),
(380, 22, 8, 'alias fugiat suscipit dolorem sint', '2022-11-22 21:32:46'),
(381, 31, 4, 'sed harum quia animi assumenda', '2022-11-22 22:03:26'),
(382, 25, 11, 'et explicabo sapiente unde ut', '2022-11-22 22:16:25'),
(383, 48, 20, 'incidunt rerum libero veritatis sit', '2022-11-22 22:23:54'),
(384, 22, 5, 'ad sunt non cupiditate qui', '2022-11-22 22:58:03'),
(385, 41, 19, 'ipsam aspernatur sit quis fugit', '2022-11-22 23:50:24'),
(386, 47, 12, 'omnis atque molestiae alias in', '2022-11-23 00:11:12'),
(387, 19, 17, 'magnam et id nemo iure', '2022-11-23 00:12:39'),
(388, 22, 5, 'velit consequatur eos qui quas', '2022-11-23 01:43:17'),
(389, 33, 16, 'molestiae impedit dolorem porro et', '2022-11-23 01:57:43'),
(390, 37, 6, 'atque impedit amet dolores quo', '2022-11-23 02:09:30'),
(391, 41, 21, 'nostrum blanditiis culpa eligendi eos', '2022-11-23 02:30:41'),
(392, 21, 11, 'quam aut eveniet commodi sit', '2022-11-23 03:29:30'),
(393, 46, 21, 'laborum aliquid voluptatem voluptas atque', '2022-11-23 03:56:18'),
(394, 43, 16, 'aut aspernatur quo hic ratione', '2022-11-23 04:45:47'),
(395, 33, 17, 'cum occaecati fuga sit maiores', '2022-11-23 05:03:28'),
(396, 48, 20, 'neque quasi qui sunt voluptatem', '2022-11-23 05:37:24'),
(397, 19, 21, 'rerum eligendi illum sapiente excepturi', '2022-11-23 05:39:31'),
(398, 17, 17, 'labore et perferendis quidem itaque', '2022-11-23 06:13:07'),
(399, 47, 11, 'aut doloribus deserunt eos consectetur', '2022-11-23 07:26:47'),
(400, 26, 15, 'unde eos temporibus commodi repellat', '2022-11-23 07:42:37'),
(401, 36, 15, 'ad animi qui est nemo', '2022-11-23 07:49:22'),
(402, 49, 15, 'recusandae voluptatem corporis est quam', '2022-11-23 08:07:12'),
(403, 35, 15, 'quasi sed aspernatur ipsam commodi', '2022-11-23 11:01:11'),
(404, 49, 2, 'tempore dolorem nihil et nemo', '2022-11-23 11:31:20'),
(405, 50, 15, 'molestias voluptatem quidem aut deserunt', '2022-11-23 11:43:21'),
(406, 47, 24, 'sed excepturi quibusdam recusandae aut', '2022-11-23 12:00:50'),
(407, 40, 1, 'numquam mollitia consequatur perferendis nam', '2022-11-23 12:03:45'),
(408, 49, 12, 'libero numquam sequi quas asperiores', '2022-11-23 13:13:12'),
(409, 41, 16, 'nesciunt velit unde ut sed', '2022-11-23 13:37:45'),
(410, 36, 16, 'voluptatem aut dolor atque officiis', '2022-11-23 14:00:07'),
(411, 45, 1, 'ea nostrum vitae aut repudiandae', '2022-11-23 14:38:05'),
(412, 49, 15, 'dolorem esse aliquam rerum doloribus', '2022-11-23 15:50:10'),
(413, 49, 3, 'sit rerum rerum quod velit', '2022-11-23 16:27:01'),
(414, 49, 18, 'est non corrupti placeat incidunt', '2022-11-23 16:54:51'),
(415, 49, 19, 'amet soluta eligendi qui iusto', '2022-11-23 17:05:30'),
(416, 26, 4, 'facere ut ad doloribus sunt', '2022-11-23 17:53:16'),
(417, 14, 25, 'corporis cum quos ipsa sed', '2022-11-23 17:57:17'),
(418, 41, 23, 'iusto ad illo aut autem', '2022-11-23 19:41:14'),
(419, 50, 24, 'dolore nihil impedit id officiis', '2022-11-23 20:35:57'),
(420, 49, 9, 'reiciendis deleniti non non quae', '2022-11-23 20:46:07'),
(421, 49, 19, 'voluptatem et assumenda et animi', '2022-11-23 21:28:53'),
(422, 41, 16, 'repudiandae quos quia placeat dolore', '2022-11-23 21:41:15'),
(423, 20, 14, 'doloribus reprehenderit iste exercitationem occaecati', '2022-11-23 22:28:27');

INSERT INTO `contenus` (`id`, `id_utilisateur`, `description`, `chemin_image`, `date_publication`) VALUES
(1, 1, 'est hic vitae', 'disaster_girl.jpg', '2022-09-29 18:19:55'),
(2, 1, 'iste ut non', 'side_eyeing_chloe.jpg', '2022-09-29 18:20:19'),
(3, 1, 'aut rerum pariatur', 'putin_bear.jpeg', '2022-09-29 18:21:18'),
(4, 1, 'cupiditate aperiam dolore', 'parisiens.png', '2022-09-29 18:21:31'),
(5, 1, 'a autem et', 'elon_musk.jpg', '2022-09-29 18:22:40'),
(6, 1, 'delectus non voluptas', 'mordor.jpg', '2022-09-29 18:22:40'),
(7, 1, 'laborum sequi officia', 'homer_simpson.jpg', '2022-09-29 18:23:05'),
(8, 8, 'accusantium at et', 'homer_simpson.jpg', '2022-10-09 15:46:12'),
(9, 3, 'itaque aliquid vel', 'putin_bear.jpeg', '2022-10-10 19:44:37'),
(10, 9, 'in error facere', 'putin_bear.jpeg', '2022-10-11 17:52:08'),
(11, 12, 'fuga ut non', 'disaster_girl.jpg', '2022-10-19 02:24:28'),
(12, 15, 'omnis accusantium aut', 'putin_bear.jpeg', '2022-10-23 20:03:57'),
(13, 12, 'quia quod non', 'smart_guy.jpg', '2022-10-24 08:36:56'),
(14, 8, 'ipsa ea sit', 'woman_yelling_at_cat.jpg', '2022-10-24 21:29:50'),
(15, 14, 'beatae ab et', 'elon_musk.jpg', '2022-10-25 12:22:07'),
(16, 8, 'tenetur delectus a', 'elon_musk.jpg', '2022-10-27 11:19:49'),
(17, 18, 'unde explicabo consectetur', 'parisiens.png', '2022-10-27 15:56:57'),
(18, 14, 'nemo iste eum', 'spiderman.jpg', '2022-10-28 19:03:54'),
(19, 2, 'aut eligendi facilis', 'success_kid.jpeg', '2022-10-29 07:33:56'),
(20, 14, 'molestias molestias illo', 'side_eyeing_chloe.jpg', '2022-10-29 11:25:49'),
(21, 16, 'ea reprehenderit maxime', 'mordor.jpg', '2022-10-31 22:44:44'),
(22, 19, 'deserunt consequuntur architecto', 'elon_musk.jpg', '2022-11-01 00:25:58'),
(23, 19, 'adipisci porro ipsa', 'disaster_girl.jpg', '2022-11-01 16:14:52'),
(24, 4, 'adipisci ex amet', 'risitas.gif', '2022-11-03 19:16:43'),
(25, 16, 'aut est possimus', 'homer_simpson.jpg', '2022-11-06 03:22:25'),
(26, 12, 'enim minima iure', 'success_kid.jpeg', '2022-11-06 12:07:19'),
(27, 7, 'alias ut perspiciatis', 'success_kid.jpeg', '2022-11-06 19:31:46'),
(28, 15, 'optio necessitatibus ratione', 'putin_bear.jpeg', '2022-11-07 02:52:36'),
(29, 22, 'unde omnis dolores', 'dicaprio_point.jpg', '2022-11-08 23:53:00'),
(30, 18, 'earum in hic', 'equation_lady.jpg', '2022-11-09 08:28:15'),
(31, 6, 'perferendis aliquam dicta', 'equation_lady.jpg', '2022-11-09 09:31:13'),
(32, 21, 'alias iusto repellat', 'dicaprio_apple.jpg', '2022-11-10 00:07:52'),
(33, 22, 'odit sint quia', 'side_eyeing_chloe.jpg', '2022-11-10 19:44:26'),
(34, 9, 'velit assumenda quia', 'mordor.jpg', '2022-11-12 08:25:13'),
(35, 9, 'ducimus ratione perferendis', 'woman_yelling_at_cat.jpg', '2022-11-12 12:12:27'),
(36, 21, 'ut ex quia', 'parisiens.png', '2022-11-13 08:09:29'),
(37, 18, 'quia quod accusantium', 'risitas.gif', '2022-11-14 19:53:10'),
(38, 24, 'quibusdam dolore nostrum', 'parisiens.png', '2022-11-17 15:04:02'),
(39, 24, 'fugiat sit ducimus', 'risitas.gif', '2022-11-17 16:04:43'),
(40, 21, 'fuga molestiae dolores', 'equation_lady.jpg', '2022-11-17 21:22:35'),
(41, 14, 'voluptas et quam', 'disaster_girl.jpg', '2022-11-18 11:43:24'),
(42, 20, 'aliquid consequatur et', 'dicaprio_apple.jpg', '2022-11-18 21:38:15'),
(43, 8, 'dolores non inventore', 'parisiens.png', '2022-11-19 15:51:44'),
(44, 24, 'magni optio sint', 'spiderman.jpg', '2022-11-19 19:08:33'),
(45, 18, 'dolores sequi quisquam', 'equation_lady.jpg', '2022-11-20 02:42:52'),
(46, 8, 'libero enim id', 'disaster_girl.jpg', '2022-11-21 12:08:38'),
(47, 24, 'necessitatibus vel aut', 'equation_lady.jpg', '2022-11-21 16:29:30'),
(48, 21, 'veritatis consequatur numquam', 'smart_guy.jpg', '2022-11-22 02:33:01'),
(49, 24, 'veniam esse tenetur', 'spiderman.jpg', '2022-11-23 06:34:16'),
(50, 16, 'velit consectetur dolorem', 'woman_yelling_at_cat.jpg', '2022-11-23 11:12:47');

INSERT INTO `likes` (`id_contenu`, `id_utilisateur`) VALUES
(1, 1),
(1, 7),
(1, 8),
(1, 11),
(1, 12),
(1, 16),
(1, 18),
(1, 23),
(1, 24),
(2, 1),
(2, 6),
(2, 9),
(2, 12),
(2, 18),
(2, 20),
(2, 21),
(2, 24),
(3, 2),
(3, 7),
(3, 8),
(3, 16),
(4, 2),
(4, 6),
(4, 7),
(4, 8),
(4, 9),
(4, 17),
(4, 20),
(4, 21),
(5, 1),
(5, 14),
(5, 20),
(5, 24),
(6, 6),
(6, 11),
(6, 12),
(6, 19),
(6, 25),
(7, 5),
(7, 14),
(7, 15),
(7, 16),
(7, 18),
(7, 22),
(8, 14),
(8, 20),
(9, 2),
(9, 9),
(9, 15),
(9, 20),
(9, 21),
(9, 23),
(10, 1),
(10, 12),
(11, 4),
(11, 11),
(11, 17),
(11, 22),
(12, 3),
(12, 6),
(12, 12),
(12, 14),
(12, 16),
(12, 17),
(12, 21),
(12, 22),
(12, 23),
(13, 4),
(13, 8),
(13, 11),
(13, 12),
(13, 16),
(13, 25),
(14, 14),
(14, 17),
(14, 18),
(15, 1),
(15, 5),
(15, 8),
(15, 11),
(15, 14),
(15, 15),
(15, 16),
(15, 18),
(15, 22),
(15, 23),
(16, 7),
(16, 12),
(16, 15),
(16, 25),
(17, 4),
(17, 5),
(17, 8),
(17, 11),
(17, 14),
(17, 15),
(17, 16),
(17, 23),
(17, 24),
(18, 1),
(18, 2),
(18, 3),
(18, 7),
(18, 8),
(18, 14),
(18, 16),
(18, 21),
(18, 22),
(18, 24),
(19, 2),
(19, 4),
(19, 5),
(19, 6),
(19, 7),
(19, 8),
(19, 11),
(19, 17),
(19, 20),
(19, 24),
(20, 1),
(20, 11),
(20, 12),
(20, 14),
(20, 23),
(21, 3),
(21, 4),
(21, 7),
(21, 8),
(22, 2),
(22, 22),
(23, 1),
(23, 5),
(23, 7),
(23, 8),
(23, 9),
(23, 12),
(23, 22),
(24, 5),
(24, 6),
(24, 11),
(24, 12),
(24, 15),
(24, 16),
(24, 18),
(24, 20),
(24, 22),
(24, 24),
(25, 4),
(25, 5),
(25, 16),
(25, 25),
(26, 2),
(26, 5),
(26, 8),
(26, 17),
(27, 1),
(27, 6),
(27, 8),
(27, 11),
(27, 14),
(27, 17),
(27, 20),
(27, 24),
(28, 4),
(28, 5),
(28, 6),
(28, 12),
(28, 15),
(28, 19),
(28, 21),
(28, 22),
(29, 4),
(29, 6),
(29, 8),
(29, 14),
(29, 17),
(29, 18),
(29, 19),
(29, 20),
(29, 22),
(29, 25),
(30, 1),
(30, 3),
(30, 5),
(30, 6),
(30, 7),
(30, 11),
(30, 23),
(31, 4),
(32, 2),
(32, 4),
(32, 5),
(32, 6),
(32, 16),
(32, 18),
(32, 20),
(32, 21),
(32, 25),
(33, 3),
(33, 4),
(33, 6),
(33, 7),
(33, 8),
(33, 9),
(33, 12),
(33, 14),
(33, 16),
(33, 18),
(33, 21),
(33, 24),
(34, 5),
(34, 6),
(34, 7),
(34, 21),
(35, 8),
(35, 11),
(35, 12),
(36, 7),
(36, 21),
(37, 12),
(37, 19),
(38, 4),
(39, 3),
(39, 11),
(39, 16),
(39, 19),
(40, 1),
(40, 7),
(40, 8),
(40, 12),
(40, 14),
(40, 19),
(40, 20),
(40, 22),
(40, 25),
(41, 6),
(41, 9),
(41, 12),
(41, 17),
(41, 21),
(41, 22),
(41, 25),
(42, 2),
(43, 14),
(43, 19),
(44, 1),
(44, 3),
(44, 6),
(44, 8),
(44, 9),
(44, 14),
(44, 19),
(45, 4),
(45, 8),
(46, 23),
(47, 21),
(48, 4),
(49, 2),
(49, 4),
(49, 5),
(49, 7),
(49, 11),
(49, 14),
(49, 16),
(49, 17),
(49, 18),
(49, 21),
(49, 23),
(49, 24),
(50, 2),
(50, 14),
(50, 16),
(50, 20),
(50, 21),
(50, 22),
(50, 23);

INSERT INTO `utilisateurs` (`id`, `pseudo`, `mot_de_passe`, `date_inscription`) VALUES
(1, 'LavaChocolatine', 'eb3631f17ea9f7e8de9fb35e91ac389a', '2022-09-29 18:18:23'),
(2, 'XShadow', '155fd98eab7c0c3c36123540112fcf85', '2022-10-02 21:27:02'),
(3, 'PandoraUranium', '90451751ba2d957e8465487d542ee88b', '2022-10-03 17:54:17'),
(4, 'SasukeFantasy', 'b1727407733557dd13273c9d13550534', '2022-10-05 19:42:53'),
(5, 'WolfFr', '6d34c7b2270b579048f2e0fbab4056d6', '2022-10-06 14:33:37'),
(6, 'IronFreestyle', '69fd67437a2b0a347c05fdb5669e45cc', '2022-10-08 02:47:01'),
(7, 'HyperSasuke', '26b63b00258b7989a114455f5e0d1e65', '2022-10-08 12:09:37'),
(8, 'SaphireWhite', 'f522c6927b63c59dd230ee3ab3988c02', '2022-10-09 00:21:47'),
(9, 'AlphaMonsieur', '85ec49d6ed6e9d432f2525c9d3710831', '2022-10-09 08:00:21'),
(10, 'BestEpic', 'c35ac584525b3dd403b4976fefe577ca', '2022-10-13 22:07:40'),
(11, 'PoséFantasy', 'a4e6b5de14d858c8a4299ac2a8739203', '2022-10-15 20:57:38'),
(12, 'DocteurBlue', 'b96c98eb951cc80b0699ea41e3af706c', '2022-10-17 04:40:14'),
(13, 'WarBlack', '984af8b273a9ef840ad9e623124a9a04', '2022-10-18 11:07:11'),
(14, 'SkyShoot', 'dfbd29db20b89b2809907d7e2965407d', '2022-10-18 11:27:07'),
(15, 'FrCaptain', 'ad9ed79d861ccbc6f7739f5f1cc6f8b5', '2022-10-18 21:04:17'),
(16, 'VPickle', '42e2ddb2ff5596a6956d0fdd528d318a', '2022-10-20 18:10:35'),
(17, 'SynnPale', 'b51f79d788e6f675acd592bcc93a541f', '2022-10-21 09:23:47'),
(18, 'MambaPoke', '84f15fe73fddaeb1ca6d8d4b6ab786c0', '2022-10-23 08:45:36'),
(19, 'PythonCanard', '3e06bd3814affe3fdbca17f6f5a5370c', '2022-10-23 12:33:23'),
(20, 'EpicMiss', '78d28dc8573cf9ea42d02c07da66d2b3', '2022-11-03 21:13:42'),
(21, 'DocteurSnake', 'a56836b246d194cb6c5662fc974b0c9a', '2022-11-07 20:54:29'),
(22, 'CloudPoney', '6300b20966f37546e8bc6130d703b2b7', '2022-11-08 22:19:21'),
(23, 'HulkMr', '3bb31ebdd59a5b95a438d91b55698d4b', '2022-11-13 05:59:10'),
(24, 'BoltGalactic', '3aa83ab3c25ea9b9dd40db8be79e53ae', '2022-11-16 18:48:56'),
(25, 'VadorDark', '0f98eb2538210bfe3349399f64e141db', '2022-11-18 20:30:09');



/*!40101 SET SQL_MODE=@OLD_SQL_MODE */;
/*!40014 SET FOREIGN_KEY_CHECKS=@OLD_FOREIGN_KEY_CHECKS */;
/*!40014 SET UNIQUE_CHECKS=@OLD_UNIQUE_CHECKS */;
/*!40101 SET CHARACTER_SET_CLIENT=@OLD_CHARACTER_SET_CLIENT */;
/*!40101 SET CHARACTER_SET_RESULTS=@OLD_CHARACTER_SET_RESULTS */;
/*!40101 SET COLLATION_CONNECTION=@OLD_COLLATION_CONNECTION */;
/*!40111 SET SQL_NOTES=@OLD_SQL_NOTES */;